지역명,공연시설수,공연장수,총좌석수,공연건수,개막편수,상연횟수,판매수,취소수,총티켓판매수,총티켓판매액
서울,1354,1713,572314,567,,5977,1640758,721936,918822,56728585106
경상도,630,848,842129,160,,815,190756,60476,130280,8243910990
부산,200,255,411272,72,,297,100800,35970,64830,5077718660
대구,142,195,183465,46,,322,49615,12591,37024,1666100530
경북,121,159,87681,13,,27,14486,5241,9245,575456600
경남,124,176,115675,22,,102,14825,3684,11141,506260000
울산,43,63,44036,7,,67,11030,2990,8040,418375200
경기/인천,536,690,900424,140,,712,153762,38285,115477,5176253308
경기,424,543,723081,119,,613,130900,32395,98505,4287307798
인천,112,147,177343,21,,99,22862,5890,16972,888945510
충청도,277,365,372381,72,,243,85997,32908,53089,3265065800
대전,94,118,251270,33,,141,42995,14820,28175,1852431100
충남,99,139,76493,22,,51,27140,13970,13170,837445700
세종,16,31,8078,7,,9,6822,2013,4809,313188500
충북,68,77,36540,10,,42,9040,2105,6935,262000500
전라도,266,369,299461,33,,158,26240,7095,19145,930087700
광주,73,111,87073,14,,82,15925,4586,11339,614657000
전북,108,137,102632,16,,71,8164,1883,6281,253703000
전남,85,121,109756,3,,5,2151,626,1525,61727700
강원도,151,214,356780,15,,32,18429,6903,11526,850215600
제주도,70,86,90075,9,,137,5494,1693,3801,167172500
합계,3284,4285,3433564,996,,8074,2121436,869296,1252140,75361291004
서울,1354,1713,572314,787,,6253,1783493,745704,1037789,61849464734
경상도,630,848,842129,214,,935,230719,75342,155377,8047518790
부산,200,255,411272,72,,314,90164,37120,53044,3560020510
대구,142,195,183465,56,,317,65290,18871,46419,2507142340
경북,121,159,87681,43,,88,35591,10408,25183,967801530
경남,124,176,115675,30,,139,25585,6068,19517,784120450
울산,43,63,44036,13,,77,14089,2875,11214,228433960
경기/인천,536,690,900424,222,,879,223832,64230,159602,7265883080
경기,424,543,723081,186,,737,178726,49355,129371,5091623710
인천,112,147,177343,36,,142,45106,14875,30231,2174259370
충청도,277,365,372381,80,,281,76297,22260,54037,2723825960
대전,94,118,251270,30,,126,34768,10025,24743,1717475710
세종,16,31,8078,11,,19,13303,4368,8935,420809750
충남,99,139,76493,24,,70,19902,6199,13703,368488700
충북,68,77,36540,15,,66,8324,1668,6656,217051800
전라도,266,369,299461,62,,245,54543,14667,39876,2074795700
전북,108,137,102632,20,,89,21256,6639,14617,1111656200
광주,73,111,87073,27,,109,22810,6235,16575,738603800
전남,85,121,109756,15,,47,10477,1793,8684,224535700
강원도,151,214,356780,24,,45,13919,2949,10970,398515700
제주도,70,86,90075,13,,107,10486,2360,8126,181495100
합계,3284,4285,3433564,1402,,8745,2393289,927512,1465777,82541499064
서울,1354,1713,572314,861,,5404,1305352,504612,800740,51075005068
경상도,630,848,842129,330,,1170,280141,87046,193095,8798528050
부산,200,255,411272,109,,419,99694,35860,63834,3614824630
대구,142,195,183465,86,,371,62695,17096,45599,1746910900
경북,121,159,87681,50,,98,50044,17003,33041,1469902150
경남,124,176,115675,57,,172,41552,11021,30531,1309803530
울산,43,63,44036,28,,110,26156,6066,20090,657086840
경기/인천,536,690,900424,287,,939,262411,66631,195780,7095737710
경기,424,543,723081,233,,772,208041,52448,155593,4844661540
인천,112,147,177343,54,,167,54370,14183,40187,2251076170
충청도,277,365,372381,132,,367,90353,21281,69072,2150065770
대전,94,118,251270,62,,182,41569,10063,31506,1030357550
충남,99,139,76493,42,,101,29244,6462,22782,592208280
충북,68,77,36540,16,,63,11159,2456,8703,392833940
세종,16,31,8078,12,,21,8381,2300,6081,134666000
전라도,266,369,299461,91,,299,68852,16312,52540,1968442780
광주,73,111,87073,33,,126,33407,8716,24691,892887380
전북,108,137,102632,31,,94,18806,4515,14291,676624800
전남,85,121,109756,27,,79,16639,3081,13558,398930600
제주도,70,86,90075,17,,175,17865,4022,13843,587045850
강원도,151,214,356780,29,,51,14740,3460,11280,425495060
합계,3284,4285,3433564,1747,,8405,2039714,703364,1336350,72100320288
서울,1354,1713,572314,884,,5618,1490170,656798,833372,46315969270
경상도,630,848,842129,324,,1167,337149,110937,226212,11534639360
부산,200,255,411272,104,,423,148256,62026,86230,7084242340
대구,142,195,183465,86,,393,80134,22474,57660,2099700190
울산,43,63,44036,32,,115,30262,6659,23603,942174190
경남,124,176,115675,61,,142,44776,12250,32526,935768000
경북,121,159,87681,41,,94,33721,7528,26193,472754640
경기/인천,536,690,900424,273,,855,204094,52964,151130,4660115180
경기,424,543,723081,211,,683,166998,44018,122980,3697810020
인천,112,147,177343,62,,172,37096,8946,28150,962305160
충청도,277,365,372381,116,,317,83938,23249,60689,2516241090
대전,94,118,251270,48,,162,37209,11519,25690,1088695040
충남,99,139,76493,41,,79,25188,6316,18872,533183100
충북,68,77,36540,16,,52,9291,2163,7128,527568400
세종,16,31,8078,11,,24,12250,3251,8999,366794550
전라도,266,369,299461,91,,318,79492,21643,57849,2293975500
광주,73,111,87073,36,,139,30044,7845,22199,865290500
전북,108,137,102632,31,,113,29264,9129,20135,764588600
전남,85,121,109756,24,,66,20184,4669,15515,664096400
강원도,151,214,356780,43,,88,38509,10277,28232,1113069670
제주도,70,86,90075,23,,174,14146,3314,10832,265231600
합계,3284,4285,3433564,1754,,8537,2247498,879182,1368316,68699241670
서울,1354,1713,572314,960,,6650,2067714,844204,1223510,82203457884
경상도,630,848,842129,420,,1528,598931,202307,396624,19774774830
부산,200,255,411272,127,,513,198302,81858,116444,7841735830
대구,142,195,183465,134,,560,233044,72511,160533,7263036420
경남,124,176,115675,69,,207,83496,30008,53488,2933795490
경북,121,159,87681,61,,130,55596,11506,44090,972372060
울산,43,63,44036,29,,118,28493,6424,22069,763835030
경기/인천,536,690,900424,319,,1117,305740,95926,209814,8178572340
경기,424,543,723081,243,,861,235001,72987,162014,6428171720
인천,112,147,177343,76,,256,70739,22939,47800,1750400620
충청도,277,365,372381,156,,543,154902,47753,107149,5513771710
대전,94,118,251270,68,,233,71507,25465,46042,2862328820
충북,68,77,36540,24,,98,26815,7197,19618,1265690800
충남,99,139,76493,49,,121,45139,12131,33008,1056907890
세종,16,31,8078,15,,91,11441,2960,8481,328844200
전라도,266,369,299461,129,,452,101094,25128,75966,2344615560
광주,73,111,87073,48,,199,45953,12875,33078,1133079100
전북,108,137,102632,42,,142,30637,6629,24008,968512060
전남,85,121,109756,39,,111,24504,5624,18880,243024400
제주도,70,86,90075,24,,182,20167,5182,14985,482462100
강원도,151,214,356780,46,,104,30326,6057,24269,436365350
합계,3284,4285,3433564,2054,,10576,3278874,1226557,2052317,118934019774
서울,1354,1713,572314,960,,5789,1680766,607704,1073062,80060161415
경상도,630,848,842129,404,,1224,337710,105416,232294,11511976350
부산,200,255,411272,143,,491,133719,45431,88288,6646357910
대구,142,195,183465,121,,373,96575,29961,66614,2585610670
경남,124,176,115675,66,,161,48469,16200,32269,1293380260
경북,121,159,87681,48,,98,38295,9043,29252,538677000
울산,43,63,44036,26,,101,20652,4781,15871,447950510
경기/인천,536,690,900424,310,,879,253004,64858,188146,7975680200
경기,424,543,723081,239,,699,195238,47686,147552,5207328470
인천,112,147,177343,71,,180,57766,17172,40594,2768351730
전라도,266,369,299461,107,,422,112769,35791,76978,4298379850
광주,73,111,87073,41,,160,50430,19447,30983,1961617150
전북,108,137,102632,38,,123,42534,11517,31017,1837840100
전남,85,121,109756,28,,139,19805,4827,14978,498922600
충청도,277,365,372381,147,,373,84578,23364,61214,2735639550
대전,94,118,251270,68,,210,42929,13604,29325,1752384200
충남,99,139,76493,45,,82,24570,4979,19591,467415900
충북,68,77,36540,16,,57,6031,1382,4649,268441950
세종,16,31,8078,18,,24,11048,3399,7649,247397500
강원도,151,214,356780,39,,71,27900,6740,21160,560331500
제주도,70,86,90075,34,,152,12286,2877,9409,384023000
합계,3284,4285,3433564,2001,,8910,2509013,846750,1662263,107526191865
서울,1354,1713,572314,876,,7171,1752339,673579,1078760,63312178527
경기/인천,536,690,900424,311,,1134,419436,141706,277730,20258475514
경기,424,543,723081,240,,927,310407,94031,216376,14646631734
인천,112,147,177343,71,,207,109029,47675,61354,5611843780
경상도,630,848,842129,448,,1437,455743,160560,295183,16642283762
부산,200,255,411272,125,,464,169268,69090,100178,7673367130
대구,142,195,183465,134,,500,152798,56830,95968,5297100882
경남,124,176,115675,85,,240,63547,19094,44453,2105838850
울산,43,63,44036,18,,92,23495,5202,18293,1006297800
경북,121,159,87681,86,,141,46635,10344,36291,559679100
전라도,266,369,299461,116,,466,204333,84228,120105,9675963750
전북,108,137,102632,45,,161,80640,25516,55124,5184430340
전남,85,121,109756,16,,96,76520,45960,30560,3260437900
광주,73,111,87073,55,,209,47173,12752,34421,1231095510
충청도,277,365,372381,146,,417,166744,70339,96405,7366729310
충남,99,139,76493,34,,78,72792,35849,36943,3689444100
충북,68,77,36540,20,,75,44157,17257,26900,2011415760
대전,94,118,251270,77,,245,42549,14947,27602,1604770350
세종,16,31,8078,15,,19,7246,2286,4960,61099100
강원도,151,214,356780,68,,94,74257,25464,48793,4115861500
제주도,70,86,90075,42,,209,22230,5299,16931,304474800
합계,3284,4285,3433564,2007,,10928,3095082,1161175,1933907,121675967163
서울,1354,1713,572314,966,,6904,1764844,692046,1072798,66953782677
경상도,630,848,842129,354,,1258,495772,190836,304936,23750271496
부산,200,255,411272,110,,407,181075,67859,113216,11622357786
대구,142,195,183465,112,,454,220289,101327,118962,10257647410
경남,124,176,115675,61,,206,46624,11429,35195,1214617880
경북,121,159,87681,49,,95,25525,5984,19541,358242890
울산,43,63,44036,22,,96,22259,4237,18022,297405530
경기/인천,536,690,900424,311,,1048,372892,133939,238953,14720937020
인천,112,147,177343,57,,180,156142,73047,83095,9638814750
경기,424,543,723081,254,,868,216750,60892,155858,5082122270
충청도,277,365,372381,150,,378,96378,26191,70187,2992302950
충북,68,77,36540,31,,97,33640,10329,23311,1538033430
대전,94,118,251270,59,,170,22021,6257,15764,687509670
세종,16,31,8078,13,,22,13733,4019,9714,544145770
충남,99,139,76493,47,,89,26984,5586,21398,222614080
전라도,266,369,299461,117,,450,93980,27188,66792,2348315140
전북,108,137,102632,42,,155,36197,12194,24003,1110168450
광주,73,111,87073,50,,168,40015,11674,28341,1014952900
전남,85,121,109756,25,,127,17768,3320,14448,223193790
강원도,151,214,356780,41,,86,36308,10762,25546,1034920600
제주도,70,86,90075,34,,166,19413,5303,14110,362039450
합계,3284,4285,3433564,1973,,10290,2879587,1086265,1793322,112162569333
서울,1354,1713,572314,943,,5831,1559573,618310,941263,57381082941
경기/인천,536,690,900424,307,,774,334153,83947,250206,10241421412
경기,424,543,723081,240,,664,214431,51837,162594,8080016562
인천,112,147,177343,67,,110,119722,32110,87612,2161404850
경상도,630,848,842129,390,,1207,284984,84172,200812,7734619770
부산,200,255,411272,133,,441,105404,38800,66604,3437153870
대구,142,195,183465,118,,418,72861,18745,54116,1687397310
울산,43,63,44036,40,,106,34479,9476,25003,1112914030
경북,121,159,87681,49,,103,40484,9280,31204,900522740
경남,124,176,115675,50,,139,31756,7871,23885,596631820
충청도,277,365,372381,171,,443,91165,26456,64709,2194299150
충남,99,139,76493,45,,89,35601,10296,25305,915964900
대전,94,118,251270,77,,207,35410,10439,24971,892992650
충북,68,77,36540,27,,119,13387,3252,10135,248158600
세종,16,31,8078,22,,28,6767,2469,4298,137183000
전라도,266,369,299461,139,,391,92290,20482,71808,1882597352
광주,73,111,87073,47,,160,39177,9270,29907,839384462
전북,108,137,102632,64,,143,32175,7102,25073,680287890
전남,85,121,109756,28,,88,20938,4110,16828,362925000
강원도,151,214,356780,37,,59,30405,8199,22206,237915120
제주도,70,86,90075,25,,174,14588,2795,11793,215644600
합계,3284,4285,3433564,2012,,8879,2407158,844361,1562797,79887580345
서울,1354,1713,572314,1147,,6542,1969295,732467,1236828,94276176310
경상도,630,848,842129,458,,1360,423916,144609,279307,12242137530
부산,200,255,411272,136,,422,181662,76057,105605,7328477930
대구,142,195,183465,143,,496,112564,35311,77253,2222792360
경남,124,176,115675,82,,201,55429,16029,39400,1200736880
경북,121,159,87681,68,,134,54738,13371,41367,1186518740
울산,43,63,44036,29,,107,19523,3841,15682,303611620
경기/인천,536,690,900424,409,,992,328383,102298,226085,7173138070
경기,424,543,723081,340,,830,269001,79854,189147,5261277230
인천,112,147,177343,69,,162,59382,22444,36938,1911860840
전라도,266,369,299461,168,,531,112440,27557,84883,3078404132
전북,108,137,102632,51,,128,39512,10213,29299,1539112520
광주,73,111,87073,75,,249,45678,11468,34210,1171772112
전남,85,121,109756,42,,154,27250,5876,21374,367519500
충청도,277,365,372381,187,,559,105957,26650,79307,1659677460
대전,94,118,251270,73,,301,38271,10547,27724,913585620
세종,16,31,8078,24,,43,26206,7853,18353,282331200
충남,99,139,76493,55,,100,29867,6471,23396,257142040
충북,68,77,36540,35,,115,11613,1779,9834,206618600
강원도,151,214,356780,47,,76,31182,7108,24074,710451100
제주도,70,86,90075,30,,199,28929,9007,19922,667222580
합계,3284,4285,3433564,2446,,10259,3000102,1049696,1950406,119807207182
서울,1354,1713,572314,1202,,6429,1836425,719238,1117187,84927336506
경상도,630,848,842129,454,,1310,405456,118209,287247,15522444120
대구,142,195,183465,139,,424,136037,35500,100537,6435807240
부산,200,255,411272,129,,458,128606,47648,80958,5935065370
경북,121,159,87681,76,,173,72735,17575,55160,1845348080
경남,124,176,115675,67,,147,44435,10854,33581,866625650
울산,43,63,44036,43,,108,23643,6632,17011,439597780
경기/인천,536,690,900424,424,,983,314343,78827,235516,5253966390
경기,424,543,723081,345,,823,258213,64256,193957,4731440480
인천,112,147,177343,79,,160,56130,14571,41559,522525910
전라도,266,369,299461,160,,519,132947,37308,95639,4139415032
광주,73,111,87073,69,,212,63186,19593,43593,2570041580
전남,85,121,109756,39,,155,33508,9772,23736,996575050
전북,108,137,102632,52,,152,36253,7943,28310,572798402
충청도,277,365,372381,206,,575,107767,27884,79883,2734239070
대전,94,118,251270,95,,320,43994,13140,30854,1672509100
충남,99,139,76493,55,,88,37034,9157,27877,602785220
세종,16,31,8078,21,,37,14327,3837,10490,317907040
충북,68,77,36540,35,,130,12412,1750,10662,141037710
강원도,151,214,356780,48,,74,21305,5586,15719,287939480
제주도,70,86,90075,25,,157,12827,2927,9900,169696600
합계,3284,4285,3433564,2519,,10047,2831070,989979,1841091,113035037198
서울,1354,1713,572314,1182,,8575,2927763,1227056,1700707,128914434471
경상도,630,848,842129,472,,1857,932434,381518,550916,45307043150
부산,200,255,411272,159,,664,382326,171394,210932,20235271190
대구,142,195,183465,133,,693,398262,167241,231021,19986190450
경남,124,176,115675,78,,228,74099,24310,49789,2885178680
경북,121,159,87681,64,,127,44986,10054,34932,1113560780
울산,43,63,44036,38,,145,32761,8519,24242,1086842050
경기/인천,536,690,900424,419,,1483,601942,200434,401508,24520407370
경기,424,543,723081,344,,1202,459133,138528,320605,17414285640
인천,112,147,177343,75,,281,142809,61906,80903,7106121730
충청도,277,365,372381,202,,750,197808,44812,152996,10468409890
대전,94,118,251270,84,,412,98383,21339,77044,7020640510
충북,68,77,36540,45,,186,39941,9999,29942,2280866190
충남,99,139,76493,59,,126,44315,9482,34833,711589690
세종,16,31,8078,14,,26,15169,3992,11177,455313500
전라도,266,369,299461,143,,650,188240,58247,129993,8677401930
광주,73,111,87073,59,,298,114634,35089,79545,6509932810
전북,108,137,102632,53,,177,43071,13164,29907,1631928020
전남,85,121,109756,31,,175,30535,9994,20541,535541100
강원도,151,214,356780,55,,108,39959,10022,29937,848437830
제주도,70,86,90075,30,,195,25737,5349,20388,739777900
합계,3284,4285,3433564,2503,,13618,4913883,1927438,2986445,219475912541
서울,1354,1713,572314,724,,6744,1889468,832083,1057385,67364309096
경상도,630,848,842129,204,,959,389787,131747,258040,21487750200
부산,200,255,411272,71,,364,216670,77742,138928,13919231120
대구,142,195,183465,63,,350,113781,38652,75129,5666493950
경남,124,176,115675,31,,108,28848,8441,20407,972207380
울산,43,63,44036,19,,95,15755,3658,12097,648146430
경북,121,159,87681,20,,42,14733,3254,11479,281671320
경기/인천,536,690,900424,172,,939,254950,80531,174419,11629512470
경기,424,543,723081,145,,808,189916,49720,140196,8258816690
인천,112,147,177343,27,,131,65034,30811,34223,3370695780
충청도,277,365,372381,82,,295,85403,26601,58802,3745483010
대전,94,118,251270,26,,145,44405,15497,28908,2499681290
충북,68,77,36540,20,,79,17635,5149,12486,838121090
충남,99,139,76493,28,,61,15205,2621,12584,225959780
세종,16,31,8078,8,,10,8158,3334,4824,181720850
전라도,266,369,299461,70,,351,59515,19059,40456,2060377972
광주,73,111,87073,25,,131,29948,10674,19274,1127310572
전남,85,121,109756,19,,125,14171,4012,10159,528637700
전북,108,137,102632,26,,95,15396,4373,11023,404429700
제주도,70,86,90075,19,,156,13906,3665,10241,422109100
강원도,151,214,356780,28,,40,34421,10291,24130,414841900
합계,3284,4285,3433564,1299,,9484,2727450,1103977,1623473,107124383748
서울,1354,1713,572314,784,,6406,1821712,728328,1093384,74179281629
경기/인천,536,690,900424,219,,862,204314,56568,147746,7591381250
경기,424,543,723081,188,,738,153925,38555,115370,3797305920
인천,112,147,177343,31,,124,50389,18013,32376,3794075330
경상도,630,848,842129,246,,990,214761,65973,148788,6659995553
부산,200,255,411272,75,,335,81616,30657,50959,3258112663
경남,124,176,115675,41,,141,33070,11136,21934,1157782390
대구,142,195,183465,76,,359,55926,13698,42228,1128716040
울산,43,63,44036,30,,110,23366,5109,18257,586723880
경북,121,159,87681,24,,45,20783,5373,15410,528660580
충청도,277,365,372381,85,,340,73662,21550,52112,2467506900
대전,94,118,251270,33,,189,40114,13560,26554,1830267530
충북,68,77,36540,20,,80,11334,2490,8844,313714870
충남,99,139,76493,27,,65,18551,4469,14082,245113200
세종,16,31,8078,5,,6,3663,1031,2632,78411300
전라도,266,369,299461,83,,390,64071,19101,44970,2281126770
광주,73,111,87073,29,,138,27623,8266,19357,948881640
전북,108,137,102632,29,,96,20478,7500,12978,771917430
전남,85,121,109756,25,,156,15970,3335,12635,560327700
제주도,70,86,90075,25,,141,15799,3258,12541,486690300
강원도,151,214,356780,18,,32,10577,2183,8394,156793600
합계,3284,4285,3433564,1460,,9161,2404896,896961,1507935,93822776002
서울,1354,1713,572314,915,,5530,1469200,622016,847184,53271023758
경기/인천,536,690,900424,249,,820,328019,105856,222163,15713837381
인천,112,147,177343,47,,136,137475,51881,85594,10438224641
경기,424,543,723081,202,,684,190544,53975,136569,5275612740
경상도,630,848,842129,353,,1134,357640,126442,231198,13645014590
부산,200,255,411272,99,,396,127276,49947,77329,6025514200
대구,142,195,183465,113,,342,105680,37443,68237,4164553140
경남,124,176,115675,80,,226,74917,27368,47549,2298988900
울산,43,63,44036,24,,105,17876,4609,13267,607591670
경북,121,159,87681,37,,65,31891,7075,24816,548366680
전라도,266,369,299461,99,,351,90224,23446,66778,3499024142
광주,73,111,87073,40,,136,44809,11989,32820,1832564261
전북,108,137,102632,34,,113,30533,8110,22423,1252726581
전남,85,121,109756,25,,102,14882,3347,11535,413733300
충청도,277,365,372381,109,,358,93343,30544,62799,3145586820
대전,94,118,251270,51,,201,55419,20819,34600,2541721100
충남,99,139,76493,28,,68,19803,4594,15209,253899520
충북,68,77,36540,22,,77,10561,2272,8289,242504200
세종,16,31,8078,8,,12,7560,2859,4701,107462000
강원도,151,214,356780,29,,54,13343,2519,10824,209191500
제주도,70,86,90075,21,,129,11664,2935,8729,201130100
합계,3284,4285,3433564,1775,,8376,2363433,913758,1449675,89684808291
서울,1354,1713,572314,960,,6452,1916682,759897,1156785,86897742437
경기/인천,536,690,900424,307,,1020,351628,105769,245859,13255606890
경기,424,543,723081,256,,859,265555,78106,187449,8098888670
인천,112,147,177343,51,,161,86073,27663,58410,5156718220
경상도,630,848,842129,380,,1226,347934,107669,240265,10624679426
대구,142,195,183465,116,,392,119440,38473,80967,3555798700
부산,200,255,411272,111,,411,94859,33718,61141,3000413020
울산,43,63,44036,37,,114,42685,13128,29557,2652973576
경남,124,176,115675,72,,219,50845,11735,39110,854855530
경북,121,159,87681,44,,90,40105,10615,29490,560638600
전라도,266,369,299461,124,,427,118780,40454,78326,5099073823
광주,73,111,87073,53,,175,60855,20988,39867,3344594773
전북,108,137,102632,45,,112,36486,11025,25461,1417383150
전남,85,121,109756,26,,140,21439,8441,12998,337095900
충청도,277,365,372381,168,,532,100412,23261,77151,2232387510
대전,94,118,251270,76,,258,43585,9589,33996,982386580
충북,68,77,36540,33,,145,15899,3624,12275,637873900
충남,99,139,76493,41,,92,30034,6555,23479,380747780
세종,16,31,8078,18,,37,10894,3493,7401,231379250
강원도,151,214,356780,38,,66,30709,7300,23409,1826885820
제주도,70,86,90075,20,,129,11441,3252,8189,226939400
합계,3284,4285,3433564,1997,,9852,2877586,1047602,1829984,120163315306
서울,1354,1713,572314,1017,,6565,1939482,741954,1197528,91668320320
경기/인천,536,690,900424,360,,1159,347060,100438,246622,15361846170
인천,112,147,177343,77,,217,106041,35260,70781,7824844340
경기,424,543,723081,283,,942,241019,65178,175841,7537001830
경상도,630,848,842129,396,,1422,479841,150090,329751,14869728262
경남,124,176,115675,70,,263,99371,29147,70224,5150456651
부산,200,255,411272,118,,481,152826,56336,96490,4064482010
대구,142,195,183465,116,,407,131812,40646,91166,2294096820
울산,43,63,44036,36,,156,43412,11294,32118,2194074301
경북,121,159,87681,56,,115,52420,12667,39753,1166618480
충청도,277,365,372381,164,,543,150236,42278,107958,6808512951
대전,94,118,251270,77,,307,82111,24991,57120,4195262071
충북,68,77,36540,26,,105,26618,6229,20389,1492177500
충남,99,139,76493,40,,104,31072,7674,23398,640989880
세종,16,31,8078,21,,27,10435,3384,7051,480083500
전라도,266,369,299461,128,,468,111549,31082,80467,4460483780
광주,73,111,87073,48,,189,62995,17427,45568,2872199900
전북,108,137,102632,45,,118,30215,8445,21770,1238226980
전남,85,121,109756,35,,161,18339,5210,13129,350056900
강원도,151,214,356780,45,,109,37063,9604,27459,838854700
제주도,70,86,90075,20,,132,14418,3657,10761,329677450
합계,3284,4285,3433564,2130,,10398,3079649,1079103,2000546,134337423633
서울,1354,1713,572314,1030,,6053,1520362,592765,927597,57688370361
경기/인천,536,690,900424,310,,940,491519,153130,338389,17739779682
경기,424,543,723081,255,,778,383879,108697,275182,12239298182
인천,112,147,177343,55,,162,107640,44433,63207,5500481500
경상도,630,848,842129,392,,1215,353376,105252,248124,11783838550
부산,200,255,411272,122,,403,103228,36772,66456,3656849090
대구,142,195,183465,124,,401,118551,31970,86581,3619684300
경북,121,159,87681,56,,105,54262,15062,39200,2285148500
경남,124,176,115675,63,,204,55124,16640,38484,1835366350
울산,43,63,44036,27,,102,22211,4808,17403,386790310
전라도,266,369,299461,135,,446,190751,72593,118158,9481099370
광주,73,111,87073,45,,162,128393,58795,69598,7513251160
전북,108,137,102632,58,,147,40865,10101,30764,1778869410
전남,85,121,109756,32,,137,21493,3697,17796,188978800
강원도,151,214,356780,46,,89,67789,22110,45679,4448818800
충청도,277,365,372381,154,,458,114062,31659,82403,4195702152
충남,99,139,76493,46,,91,46946,11473,35473,1956944502
대전,94,118,251270,76,,283,45150,11903,33247,1559828000
충북,68,77,36540,23,,72,17505,6804,10701,521028350
세종,16,31,8078,9,,12,4461,1479,2982,157901300
제주도,70,86,90075,19,,139,13502,2841,10661,368872700
합계,3284,4285,3433564,2086,,9340,2751361,980350,1771011,105706481615
서울,1354,1713,572314,968,,7883,2226571,924558,1302013,83694406764
경상도,630,848,842129,432,,1438,514284,183008,331276,26627822200
부산,200,255,411272,121,,435,205225,80000,125225,14106974710
대구,142,195,183465,119,,477,182586,72757,109829,9345358870
경북,121,159,87681,55,,109,51762,15125,36637,1419279320
울산,43,63,44036,20,,143,26274,5481,20793,1076710300
경남,124,176,115675,117,,274,48437,9645,38792,679499000
경기/인천,536,690,900424,328,,1462,424174,142476,281698,14477284190
경기,424,543,723081,254,,1203,314480,106831,207649,8256432490
인천,112,147,177343,74,,259,109694,35645,74049,6220851700
충청도,277,365,372381,152,,517,189786,70220,119566,9861017280
대전,94,118,251270,58,,255,128607,54836,73771,8295759590
충남,99,139,76493,52,,125,37321,9758,27563,1080788460
충북,68,77,36540,25,,111,14733,3115,11618,314173230
세종,16,31,8078,17,,26,9125,2511,6614,170296000
강원도,151,214,356780,88,,147,81944,37971,43973,3429804402
전라도,266,369,299461,123,,530,89079,22624,66455,2556570420
전북,108,137,102632,47,,164,39088,10089,28999,1002403700
광주,73,111,87073,45,,192,33298,9054,24244,901239720
전남,85,121,109756,31,,174,16693,3481,13212,652927000
제주도,70,86,90075,27,,171,17647,5245,12402,551313800
합계,3284,4285,3433564,2118,,12148,3543485,1386102,2157383,141198219056
서울,1354,1713,572314,1050,,6983,1962216,822555,1139661,77911752727
경기/인천,536,690,900424,342,,1023,693363,261658,431705,37409828509
경기,424,543,723081,276,,860,502794,177005,325789,25245619909
인천,112,147,177343,66,,163,190569,84653,105916,12164208600
경상도,630,848,842129,422,,1284,286821,80376,206445,7103360710
부산,200,255,411272,136,,464,94209,31870,62339,2893206270
경남,124,176,115675,71,,224,48573,11421,37152,1196526300
대구,142,195,183465,117,,396,69653,18768,50885,1125638600
경북,121,159,87681,64,,110,42288,12056,30232,989694800
울산,43,63,44036,34,,90,32098,6261,25837,898294740
충청도,277,365,372381,168,,487,95104,25883,69221,1652663520
대전,94,118,251270,75,,269,38183,10317,27866,890503400
충남,99,139,76493,50,,85,35311,10292,25019,408777200
세종,16,31,8078,18,,26,11368,2999,8369,211083300
충북,68,77,36540,25,,107,10242,2275,7967,142299620
전라도,266,369,299461,164,,478,103612,28510,75102,1456332200
전북,108,137,102632,73,,152,40199,10962,29237,614860500
전남,85,121,109756,49,,180,40760,13778,26982,546638200
광주,73,111,87073,42,,146,22653,3770,18883,294833500
강원도,151,214,356780,52,,119,31456,8097,23359,985413400
제주도,70,86,90075,22,,138,11329,2478,8851,492326500
합계,3284,4285,3433564,2220,,10512,3183901,1229557,1954344,127011677566
서울,1354,1713,572314,1056,,7057,1935122,744573,1190549,92479777292
경기/인천,536,690,900424,433,,1138,457791,129663,328128,20912714212
경기,424,543,723081,354,,931,316987,82881,234106,11835922792
인천,112,147,177343,79,,207,140804,46782,94022,9076791420
경상도,630,848,842129,410,,1303,407264,130313,276951,15895067500
부산,200,255,411272,131,,463,186675,68019,118656,9086904200
대구,142,195,183465,116,,377,105759,33387,72372,3653271800
경남,124,176,115675,78,,253,51708,13970,37738,1668712550
경북,121,159,87681,50,,97,43244,10828,32416,1184224500
울산,43,63,44036,35,,113,19878,4109,15769,301954450
전라도,266,369,299461,170,,547,110631,34850,75781,3043189700
전북,108,137,102632,56,,140,42658,15861,26797,1453128800
광주,73,111,87073,76,,237,46555,12917,33638,1251263000
전남,85,121,109756,38,,170,21418,6072,15346,338797900
충청도,277,365,372381,146,,480,92682,24228,68454,2917094475
대전,94,118,251270,64,,287,39142,11286,27856,2199547040
세종,16,31,8078,21,,38,21338,5339,15999,395256100
충북,68,77,36540,27,,106,12856,2541,10315,173716835
충남,99,139,76493,34,,49,19346,5062,14284,148574500
강원도,151,214,356780,47,,110,31990,7146,24844,1079227300
제주도,70,86,90075,20,,136,12226,3946,8280,252372200
합계,3284,4285,3433564,2282,,10771,3047706,1074719,1972987,136579442679
서울,1354,1713,572314,1229,,6668,1589766,594996,994770,68999797671
경기/인천,536,690,900424,430,,966,464574,172160,292414,14098449660
경기,424,543,723081,335,,766,362004,124040,237964,12222513360
인천,112,147,177343,95,,200,102570,48120,54450,1875936300
경상도,630,848,842129,492,,1312,374368,123964,250404,9915806980
부산,200,255,411272,153,,450,109224,45956,63268,3532327950
대구,142,195,183465,149,,422,99020,29480,69540,2494754950
경북,121,159,87681,75,,149,73258,22271,50987,1847282000
경남,124,176,115675,73,,182,68412,21638,46774,1364769200
울산,43,63,44036,42,,109,24454,4619,19835,676672880
충청도,277,365,372381,191,,530,115396,34578,80818,3045730372
충북,68,77,36540,30,,113,28688,9370,19318,1206296900
충남,99,139,76493,52,,100,40726,12408,28318,934850902
대전,94,118,251270,87,,288,35353,9852,25501,707594320
세종,16,31,8078,22,,29,10629,2948,7681,196988250
전라도,266,369,299461,162,,433,106374,28768,77606,2518119420
광주,73,111,87073,71,,185,42524,10525,31999,1377869120
전북,108,137,102632,42,,84,24599,6497,18102,835568200
전남,85,121,109756,49,,164,39251,11746,27505,304682100
강원도,151,214,356780,68,,131,36765,8434,28331,1136466899
제주도,70,86,90075,23,,129,11167,3239,7928,253823200
합계,3284,4285,3433564,2595,,10169,2698410,966139,1732271,99968194202
서울,1354,1713,572314,1232,,6892,2031735,843536,1188199,90286326897
경상도,630,848,842129,503,,1343,444708,151330,293378,18220364400
대구,142,195,183465,158,,454,180428,57939,122489,9951113900
부산,200,255,411272,157,,483,140394,60686,79708,4943261550
경남,124,176,115675,77,,150,55335,18180,37155,2313019850
경북,121,159,87681,71,,126,40925,8805,32120,556729000
울산,43,63,44036,40,,130,27626,5720,21906,456240100
경기/인천,536,690,900424,446,,1069,526520,182565,343955,16919408360
경기,424,543,723081,364,,876,347936,97514,250422,10129962360
인천,112,147,177343,82,,193,178584,85051,93533,6789446000
전라도,266,369,299461,167,,466,154912,61637,93275,5668830600
광주,73,111,87073,59,,165,80108,33476,46632,4087651300
전북,108,137,102632,59,,125,35773,10722,25051,866578100
전남,85,121,109756,49,,176,39031,17439,21592,714601200
충청도,277,365,372381,207,,653,126265,34729,91536,3304212200
대전,94,118,251270,93,,370,43863,12508,31355,1345215900
충북,68,77,36540,33,,134,23612,8087,15525,1138857000
세종,16,31,8078,21,,37,18407,5132,13275,431774000
충남,99,139,76493,60,,112,40383,9002,31381,388365300
강원도,151,214,356780,68,,122,39643,11681,27962,1332547300
제주도,70,86,90075,30,,150,22109,7637,14472,804342200
합계,3284,4285,3433564,2653,,10695,3345892,1293115,2052777,136536031957
서울,1354,1713,572314,896,,5702,1950255,795768,1154487,93650875284
경상도,630,848,842129,365,,1398,557681,227113,330568,24517280780
부산,200,255,411272,112,,501,257459,113773,143686,13889903350
대구,142,195,183465,124,,514,180368,74212,106156,6612022950
경남,124,176,115675,63,,189,58325,21795,36530,1973377400
경북,121,159,87681,41,,85,42761,12631,30130,1563499600
울산,43,63,44036,25,,109,18768,4702,14066,478477480
경기/인천,536,690,900424,354,,1145,438524,163936,274588,15942077240
경기,424,543,723081,294,,961,344729,124667,220062,12089942840
인천,112,147,177343,60,,184,93795,39269,54526,3852134400
충청도,277,365,372381,162,,606,136960,40428,96532,4867022470
대전,94,118,251270,61,,315,52316,16128,36188,1806876920
충북,68,77,36540,39,,157,32722,9818,22904,1598410900
충남,99,139,76493,50,,109,36334,10292,26042,739921050
세종,16,31,8078,12,,25,15588,4190,11398,721813600
전라도,266,369,299461,127,,429,119660,47437,72223,2608679150
광주,73,111,87073,50,,190,53771,17277,36494,1455441200
전북,108,137,102632,48,,115,24703,6403,18300,657526600
전남,85,121,109756,29,,124,41186,23757,17429,495711350
강원도,151,214,356780,42,,116,29000,8159,20841,600199540
제주도,70,86,90075,22,,122,14950,2846,12104,480240000
합계,3284,4285,3433564,1968,,9518,3247030,1285687,1961343,142666374464
